"id","type","date","description","amount","category"
"1","Income","2022-05-10","Lee's Trading Co, Ltd","3371684","Salary"
"2","Income","2022-06-10","Lee's Trading Co, Ltd","2661784","Salary"
"3","Income","2022-07-10","Lee's Trading Co, Ltd","2419430","Salary"
"4","Income","2022-08-10","Lee's Trading Co, Ltd","2000360","Salary"
"5","Income","2023-01-10","Lee's Trading Co, Ltd","2768935","Salary"
"6","Income","2023-02-10","Lee's Trading Co, Ltd","2341820","Salary"
"7","Income","2023-03-10","Lee's Trading Co, Ltd","1923330","Salary"
"8","Income","2023-04-10","Lee's Trading Co, Ltd","1779030","Salary"
"9","Income","2023-05-10","Lee's Trading Co, Ltd","1779030","Salary"
"10","Income","2023-06-10","Lee's Trading Co, Ltd","1894470","Salary"
"11","Income","2023-07-10","Lee's Trading Co, Ltd","1995480","Salary"
"12","Income","2023-08-10","Lee's Trading Co, Ltd","2688120","Salary"
"13","Income","2023-09-10","Lee's Trading Co, Ltd","2262435","Salary"
"14","Income","2023-10-10","Lee's Trading Co, Ltd","2417840","Salary"
"15","Income","2023-11-10","Lee's Trading Co, Ltd","2352905","Salary"
"16","Income","2023-12-10","Lee's Trading Co, Ltd","3168200","Salary"
"17","Income","2024-01-10","Lee's Trading Co, Ltd","3156785","Salary"
"18","Income","2024-02-10","Lee's Trading Co, Ltd","2291480","Salary"
"19","Income","2024-03-10","Lee's Trading Co, Ltd","2557700","Salary"
"20","Income","2024-04-10","Lee's Trading Co, Ltd","1832990","Salary"
"21","Income","2024-05-10","Lee's Trading Co, Ltd","2361535","Salary"
"22","Income","2024-06-10","Lee's Trading Co, Ltd","2959130","Salary"
"23","Income","2024-07-10","Lee's Trading Co, Ltd","3461990","Salary"
"24","Income","2024-08-10","Lee's Trading Co, Ltd","2604170","Salary"
"25","Income","2024-09-10","Lee's Trading Co, Ltd","2404505","Salary"
"26","Income","2024-10-10","Lee's Trading Co, Ltd","2678120","Salary"
"27","Income","2024-11-10","Lee's Trading Co, Ltd","2826020","Salary"
"28","Income","2024-12-10","Lee's Trading Co, Ltd","2792480","Salary"
"29","Expense","2024-01-01","Pending","6900","Shoping"
"30","Expense","2024-01-03","Master Card Bill","327758","Master Card Bill"
"31","Expense","2024-01-06","Pending","24060","Shoping"
"32","Expense","2024-01-06","Pending","2900","Car Rent"
"33","Expense","2024-01-12","JB Bank","1022402","Loan"
"34","Expense","2024-01-14","Pending","139640","Shoping"
"35","Expense","2024-01-14","Pending","28990","Shoping"
"36","Expense","2024-01-14","Pending","35480","Shoping"
"37","Expense","2024-01-14","Najim","172252","Family"
"38","Expense","2024-01-16","Najim","110616","Family"
"39","Expense","2024-01-17","Najim","1079609","Family"
"40","Expense","2024-01-17","Glass","249578","Family"
"41","Expense","2024-01-17","Sim bill","7900","Others"
"42","Expense","2024-01-19","Recharge","6130","Wife"
"43","Expense","2024-01-21","Pending","23040","Shoping"
"44","Expense","2024-01-21","Pending","2900","Car Rent"
"45","Expense","2024-01-21","Pending","14124","Others"
"46","Expense","2024-01-21","Arafa","117264","Wife"
"47","Expense","2024-01-24","Nazim","59201","Family"
"48","Expense","2024-01-28","Pending","14000","Shoping"
"49","Expense","2024-01-28","Pending","26470","Shoping"
"50","Expense","2024-01-28","Pending","10000","Fuel"
"51","Expense","2024-01-28","Potato","10000","Shoping"
"52","Expense","2024-01-29","Nagad","62610","Wife"
"53","Expense","2024-02-03","Pending","5110","Shoping"
"54","Expense","2024-02-02","Arafa(Nagad)","156110","Wife"
"55","Expense","2024-02-06","Myself Wife","438848","Family"
"56","Expense","2024-02-08","Bashar","4000","Debt"
"57","Expense","2024-02-09","Pending","9400","Shoping"
"58","Expense","2024-02-10","Pending","15000","Fuel"
"59","Expense","2024-02-10","Pending","16290","Shoping"
"60","Expense","2024-02-11","Passport fee","165000","Others"
"61","Expense","2024-02-11","Master Card Bill","294714","Master Card Bill"
"62","Expense","2024-02-13","JB Bank","1011901","Loan"
"63","Expense","2024-02-15","Sim Bill","7900","Others"
"64","Expense","2024-02-18","Madrasa(Nagad)","279265","Family"
"65","Expense","2024-02-18","Pending","94060","Shoping"
"66","Expense","2024-02-21","Najim(Nagad)","43148","Family"
"68","Expense","2024-02-23","Ansan Masjid","10000","Donation"
"69","Expense","2024-02-25","Arafa(Nagad)","128625","Wife"
"70","Expense","2024-02-25","Najim(Nagad)","25541","Family"
"71","Expense","2024-02-25","Grocery","48640","Shoping"
"72","Expense","2024-02-28","Najim(Nagad)","288506","Family"
"73","Expense","2024-03-01","Najim(Nagad)","234131","Family"
"74","Expense","2024-03-03","Khejur","9000","Shoping"
"75","Expense","2024-03-03","Pending","67660","Shoping"
"76","Expense","2024-03-04","Arafa(Bkash)","60503","Wife"
"77","Expense","2024-03-09","Pending","117194","Shoping"
"78","Expense","2024-03-10","Pending","22960","Shoping"
"79","Expense","2024-03-13","Pending","4990","Shoping"
"80","Expense","2024-03-15","Ansan Masjid","8066","Donation"
"81","Expense","2024-03-15","Pending","301240","Shoping"
"82","Expense","2024-03-16","Pending","18730","Shoping"
"83","Expense","2024-03-16","Hair Cut","12000","Others"
"84","Expense","2024-03-16","Sim Bill","7900","Others"
"85","Expense","2024-03-17","Pending","3000","Shoping"
"86","Expense","2024-03-17","Nagad","26987","Wife"
"87","Expense","2024-03-24","Ansan Masjid","5000","Donation"
"88","Expense","2024-03-24","Pending","48260","Shoping"
"89","Expense","2024-03-25","Najim(Nagad)","35534","Wife"
"90","Expense","2024-03-28","Arafa(Nagad)","61221","Wife"
"91","Expense","2024-03-30","Meat","22970","Shoping"
"92","Expense","2024-03-30","Pending","5000","Fuel"
"93","Expense","2024-03-30","Pending","19800","Shoping"
"94","Expense","2024-03-30","Pending","14394","Others"
"95","Expense","2024-03-31","Pending","6590","Shoping"
"96","Expense","2024-03-07","Master Card Bill","228828","Master Card Bill"
"97","Expense","2024-03-18","Mobile Recharge","6190","Wife"
"98","Expense","2024-04-01","Najim(Nagad)","59268","Family"
"99","Expense","2024-04-01","Pending","473800","Others"
"100","Expense","2024-04-01","Pending","123530","Shoping"
"101","Expense","2024-04-01","Pending","45500","Shoping"
"102","Expense","2024-04-01","Pending","3980","Shoping"
"103","Expense","2024-04-03","Mobile Recharge","4688","Family"
"104","Expense","2024-04-03","Taxi","7800","Car Rent"
"105","Expense","2024-04-04","Nagad(Myself)","121299","Family"
"106","Expense","2024-04-05","Nagad(Myself)","241441","Family"
"107","Expense","2024-04-06","Bank(Myself)","1415306","Family"
"108","Expense","2024-04-07","Nagad(Myself)","120694","Family"
"109","Expense","2024-04-15","Sim Bill","7900","Others"
"110","Expense","2024-04-17","Mobile Recharge","6902","Family"
"111","Expense","2024-04-21","Bank(Myself)","1190789","Family"
"112","Expense","2024-04-24","Nagad(Myself)","63603","Family"
"113","Expense","2024-04-26","Mobile Recharge","2669","Family"
"114","Expense","2024-04-29","Bank(Myself)","1789249","Family"
"115","Expense","2024-04-12","Master Card Bill","410318","Master Card Bill"
"116","Expense","2024-04-02","Groceries","6000","Groceries"
"117","Expense","2022-06-28","To Bank(Mom)","2440010","Family"
"118","Expense","2022-06-28","Al Amin(Bkash)","70000","Debt"
"119","Expense","2022-06-28","Ujjal(Eating out)","115000","Debt"
"120","Expense","2022-06-28","Mobarak","385000","Debt"
"121","Expense","2022-06-29","MobileVoip","16000","Others"
"122","Expense","2022-07-01","Father(Bkash)","133000","Family"
"123","Expense","2022-07-01","Bkash","55000","Wife"
"124","Expense","2022-07-01","Shared","10606","Car Rent"
"125","Expense","2022-07-01","Eating Out","5850","Others"
"126","Expense","2022-07-01","Tmoney","10000","Others"
"127","Expense","2022-07-01","Eating Out","2100","Others"
"128","Expense","2022-07-01","Taxi Fare","1625","Others"
"129","Expense","2022-07-02","Coupang(Rice,Vita)","40840","Shoping"
"130","Expense","2022-07-03","Coupang Eats(shared)","5000","Shoping"
"131","Expense","2022-07-03","Dates,Fish,Milk","33000","Shoping"
"132","Expense","2022-07-03","Briyani","14000","Others"
"133","Expense","2022-07-08","Lotto","20000","Others"
"134","Expense","2022-07-10","Bank(Mom)","1175001","Family"
"135","Expense","2022-07-10","Bkash","42000","Lend"
"136","Expense","2022-07-10","Movie Night","29950","Others"
"137","Expense","2022-07-10","Coupang Eats(shared)","13000","Shoping"
"138","Expense","2022-07-10","Beef,Other","47000","Shoping"
"139","Expense","2022-07-10","Emart24","3300","Shoping"
"140","Expense","2022-07-10","Hanpass Card fee","10000","Others"
"141","Expense","2022-07-15","Voip","16000","Others"
"142","Expense","2022-07-15","Bkash","333582","Wife"
"143","Expense","2022-07-17","Cake,etc","16910","Shoping"
"144","Expense","2022-07-17","Coupang Eats","13900","Shoping"
"145","Expense","2022-07-17","Milk,Egg etc","21480","Shoping"
"146","Expense","2022-07-18","Coupang Eats","20000","Shoping"
"147","Expense","2022-07-18","Samsung Insurance","219400","Others"
"148","Expense","2022-07-19","Health Insurance","140070","Others"
"149","Expense","2022-07-20","Coupang Eats","19900","Shoping"
"150","Expense","2022-07-20","Samsung Insurance","300000","Others"
"151","Expense","2022-07-30","No Description","53650","Car Rent"
"152","Expense","2022-07-30","Tmoney","10000","Others"
"153","Expense","2022-07-30","Milk,Egg etc","48760","Shoping"
"154","Expense","2022-07-30","Coupang","4990","Others"
"155","Expense","2022-08-01","Coupang Eats","13900","Shoping"
"156","Expense","2022-08-03","IBK","200000","Deposit Fund"
"157","Expense","2022-08-05","Bkash","33162","Wife"
"158","Expense","2022-08-05","Voip","16000","Others"
"159","Expense","2022-08-11","Bank(Nazim Fr)","461137","Debt"
"160","Expense","2022-08-14","Bkash(Nazim)","34846","Family"
"161","Expense","2022-08-14","Bank(Father)","1201367","Family"
"162","Expense","2022-08-15","Bkash (Al Min) For Wife","38291","Debt"
"163","Expense","2022-08-15","Rice(Coupang)","40750","Shoping"
"164","Expense","2022-08-15","Meat,Fish etc","100080","Shoping"
"165","Expense","2022-08-16","SIM Bill","7900","Others"
"166","Expense","2022-08-16","Bkash","14764","Wife"
"167","Expense","2022-08-18","Mobile Recharge","1669","Wife"
"168","Expense","2022-08-23","IBK","300000","Deposit Fund"
"169","Expense","2022-08-23","Cake,Milk etc","17580","Shoping"
"170","Expense","2022-08-28","No Description","110970","Car Rent"
"171","Expense","2022-08-28","Eating out","30000","Others"
"172","Expense","2022-08-28","Hair Cut","10000","Others"
"173","Expense","2022-08-28","Bkash","21289","Wife"
"174","Expense","2022-08-28","Mouse,Pad etc","17050","Shoping"
"175","Expense","2022-08-30","Mobile Recharge","2710","Wife"
"176","Expense","2022-08-30","Lotto","20000","Others"
"177","Expense","2023-01-10","Top Up","6191","Wife"
"178","Expense","2023-01-10","Coupang Membership","4990","Others"
"179","Expense","2023-01-11","Cash Pick Up(Father)","696725","Family"
"180","Expense","2023-01-13","Bkash","83694","Wife"
"181","Expense","2023-01-14","Chicken,Fish,etc","105000","Shoping"
"182","Expense","2023-01-14","Daiso","13200","Shoping"
"183","Expense","2023-01-14","Bread,Butter,etc","59770","Shoping"
"184","Expense","2023-01-15","Toss Prime","5900","Others"
"185","Expense","2023-01-15","Gmoney Card Fee","5000","Others"
"186","Expense","2023-01-15","CGV","18787","Others"
"187","Expense","2023-01-16","LGU Sim bill","7900","Others"
"188","Expense","2023-01-21","Perfume(Coupang)","11670","Shoping"
"189","Expense","2023-01-21","Ansan Clinic","9500","Medical"
"190","Expense","2023-01-21","Daiso","6200","Shoping"
"191","Expense","2023-01-21","Gingsen,Cake,etc","40610","Shoping"
"192","Expense","2023-01-21","Nazim(Bkash)","152019","Family"
"193","Expense","2023-01-22","Voip","16000","Others"
"194","Expense","2023-01-25","Mobile","272600","Shoping"
"195","Expense","2023-01-27","Bkash","37333","Wife"
"196","Expense","2023-01-28","Coupang (Book)","13500","Shoping"
"197","Expense","2023-02-01","Cake,Milk","6000","Shoping"
"198","Expense","2023-02-02","Mobile Recharge","4784","Wife"
"199","Expense","2023-02-03","Cake,Chips","7000","Shoping"
"200","Expense","2023-02-04","Hair Cut","10000","Others"
"201","Expense","2023-02-04","Screen Protector","19000","Shoping"
"202","Expense","2023-02-04","Milk and other","28000","Shoping"
"203","Expense","2023-02-05","Emart","26000","Shoping"
"204","Expense","2023-02-10","Rice","48240","Shoping"
"205","Expense","2023-02-12","Mother(Bank)","1725293","Family"
"206","Expense","2023-02-12","Bkash","179390","Wife"
"207","Expense","2023-02-13","Earphone and others","37000","Shoping"
"208","Expense","2023-02-13","Coupang Membership","4990","Others"
"209","Expense","2023-02-15","Bkash","64523","Family"
"210","Expense","2023-02-15","CGV","29528","Others"
"211","Expense","2023-02-16","LGU+","7900","Others"
"212","Expense","2023-02-18","CGV","4000","Others"
"213","Expense","2023-02-18","Food","27620","Shoping"
"214","Expense","2023-02-20","Abir","600000","Debt"
"215","Expense","2023-02-20","Recharge","1457","Wife"
"216","Expense","2023-02-23","Milk and Juice","4000","Shoping"
"217","Expense","2023-02-26","Milk.Cake","19490","Shoping"
"218","Expense","2023-02-27","Shoes(coupang)","6800","Shoping"
"219","Expense","2023-03-03","Recharge","3676","Wife"
"220","Expense","2023-03-05","Meat,Fish and other","71700","Shoping"
"221","Expense","2023-03-08","Milk","3050","Shoping"
"222","Expense","2023-03-11","Abir","310000","Debt"
"223","Expense","2023-03-12","Bkash","98323","Wife"
"224","Expense","2023-03-12","Cash Pick Up(Father)","1089301","Family"
"225","Expense","2023-03-12","Eggs and other","29640","Shoping"
"226","Expense","2023-03-12","Tmoney","5000","Others"
"227","Expense","2023-03-12","Recharge","5952","Family"
"228","Expense","2023-03-12","Card fee","1000","Others"
"229","Expense","2023-03-13","Mobarak","415000","Debt"
"230","Expense","2023-03-13","Ismail","100000","Debt"
"231","Expense","2023-03-15","LGU Bill","7900","Others"
"232","Expense","2023-03-17","Pending","5000","Others"
"233","Expense","2023-03-17","Najim (Cash pickup)","420044","Family"
"234","Expense","2023-03-18","Top Up","2674","Wife"
"235","Expense","2023-03-18","Milk,Cake","30000","Shoping"
"236","Expense","2023-03-18","Pending","4300","Shoping"
"237","Expense","2023-03-19","Delwer Mama","621062","Debt"
"238","Expense","2023-03-25","Eat outside","10000","Shoping"
"239","Expense","2023-03-25","Pending","48230","Shoping"
"240","Expense","2023-03-25","Pending","2900","Others"
"241","Expense","2023-03-26","Lottery Lotto","20000","Others"
"242","Expense","2023-03-29","Bkash","38206","Wife"
"243","Expense","2023-04-01","Recharge","3404","Wife"
"244","Expense","2023-04-01","Pending","2700","Others"
"245","Expense","2023-04-01","Eating Outside","10827","Others"
"246","Expense","2023-04-03","Pending","7470","Car Rent"
"247","Expense","2023-04-03","Masala and fish","26000","Shoping"
"248","Expense","2023-04-03","Ansan Masjid","20000","Donation"
"249","Expense","2023-04-03","Najim","414029","Family"
"250","Expense","2023-04-03","Pending","37360","Shoping"
"251","Expense","2023-04-05","Ismail Vai","100000","Lend"
"252","Expense","2023-04-08","Pending","73230","Shoping"
"253","Expense","2023-04-08","Pending","2900","Others"
"254","Expense","2023-04-09","Juice","4000","Shoping"
"255","Expense","2023-04-09","Pending","1450","Others"
"256","Expense","2023-04-11","Bkash","182695","Wife"
"257","Expense","2023-04-11","Master Card Bill","67640","Master Card Bill"
"258","Expense","2023-04-12","JB Bank","893663","Loan"
"259","Expense","2023-04-12","Bank(Mom)","1934488","Family"
"260","Expense","2023-04-12","Meskat","1433798","Debt"
"261","Expense","2023-04-15","Recharge","2406","Wife"
"262","Expense","2023-04-15","Grape,strawberry","8000","Shoping"
"263","Expense","2023-04-15","Pending","56100","Shoping"
"264","Expense","2023-04-15","Pending","2700","Car Rent"
"265","Expense","2023-04-15","Sim Bill","7900","Others"
"266","Expense","2023-04-15","Hair Cut","10000","Others"
"267","Expense","2023-04-16","Pending","14900","Shoping"
"268","Expense","2023-04-18","Lottery","20000","Others"
"269","Expense","2023-04-18","Najim Bkash","101074","Family"
"270","Expense","2023-04-18","Bkash","39778","Wife"
"271","Expense","2023-04-19","Voip","16000","Others"
"272","Expense","2023-04-19","Masjid","4000","Donation"
"273","Expense","2023-04-24","CU","6700","Shoping"
"274","Expense","2023-04-24","Pending","1450","Car Rent"
"275","Expense","2023-04-24","Recharge","2406","Wife"
"276","Expense","2023-04-24","Eid Celebration","21700","Debt"
"277","Expense","2023-04-27","CU","9250","Shoping"
"278","Expense","2023-04-29","Grocery","100040","Shoping"
"279","Expense","2023-04-29","Pending","1450","Car Rent"
"280","Expense","2023-04-29","Recharge","2930","Wife"
"281","Expense","2023-05-01","Cycle tube","5000","Shoping"
"282","Expense","2023-05-01","Cycling App","5380","Car Rent"
"283","Expense","2023-05-01","Pending","4350","Car Rent"
"284","Expense","2023-05-02","Pending","2800","Shoping"
"285","Expense","2023-05-03","CGV","20760","Others"
"286","Expense","2023-05-05","CU","9700","Shoping"
"287","Expense","2023-05-05","Hospital","31200","Medical"
"288","Expense","2023-05-05","Pending","4150","Car Rent"
"289","Expense","2023-05-08","Recharge","2674","Wife"
"290","Expense","2023-05-11","Nagad","90418","Wife"
"291","Expense","2023-05-11","Mom Cash Pick","614220","Family"
"292","Expense","2023-05-12","JB Bank","883606","Loan"
"293","Expense","2023-05-13","Master Card Bill","200010","Master Card Bill"
"294","Expense","2023-05-13","Nagad","53497","Wife"
"295","Expense","2023-05-13","Bkash(Nazim)","64096","Family"
"296","Expense","2023-05-13","Pending","47900","Shoping"
"297","Expense","2023-05-13","Pending","12150","Shoping"
"298","Expense","2023-05-14","Bread and others","17000","Shoping"
"299","Expense","2023-05-14","Pending","1350","Car Rent"
"300","Expense","2023-05-15","Recharge","2406","Wife"
"301","Expense","2023-05-17","Nagad","40995","Wife"
"302","Expense","2023-05-17","Sim Bill","7900","Others"
"303","Expense","2023-05-21","Beef, and Others","60600","Shoping"
"304","Expense","2023-05-21","Pending","2900","Car Rent"
"305","Expense","2023-05-27","Pending","32210","Shoping"
"306","Expense","2023-05-27","CU","11250","Shoping"
"307","Expense","2023-05-27","Recharge","2674","Wife"
"308","Expense","2023-05-27","Mobarak","8000","Debt"
"309","Expense","2023-05-28","CU","18500","Shoping"
"310","Expense","2023-06-02","Master Card Bill","107810","Master Card Bill"
"311","Expense","2023-06-04","CU","4000","Shoping"
"312","Expense","2023-06-04","Meat and others","57000","Shoping"
"313","Expense","2023-06-04","Pending","1450","Car Rent"
"314","Expense","2023-06-08","Nazim Bkash","61494","Family"
"315","Expense","2023-06-08","Nagad","49795","Wife"
"316","Expense","2023-06-09","Recharge","4680","Wife"
"317","Expense","2023-06-10","Coupang(Chess)","8273","Shoping"
"318","Expense","2023-06-14","Cash Pick up","547088","Family"
"319","Expense","2023-06-14","JB Bank","874892","Loan"
"320","Expense","2023-06-14","Nagad","98556","Wife"
"321","Expense","2023-06-14","Recharge","2900","Family"
"322","Expense","2023-06-14","Voip","16000","Others"
"323","Expense","2023-06-14","Pending","523200","Others"
"324","Expense","2023-06-14","Pending","5550","Shoping"
"325","Expense","2023-06-14","Pending","4500","Car Rent"
"326","Expense","2023-06-17","Pending","308840","Shoping"
"327","Expense","2023-06-17","Pending","1450","Car Rent"
"328","Expense","2023-06-17","Hair Cut","12000","Others"
"329","Expense","2023-06-17","Bus Fair","7000","Car Rent"
"330","Expense","2023-06-17","Sim Bill","7900","Others"
"331","Expense","2023-06-18","Pending","27200","Shoping"
"332","Expense","2023-06-18","Pending","2800","Car Rent"
"333","Expense","2023-06-18","Fan","15000","Shoping"
"334","Expense","2023-06-21","Pending","46900","Shoping"
"335","Expense","2023-06-21","CU","3000","Shoping"
"336","Expense","2023-06-22","Recharge","2485","Father"
"337","Expense","2023-06-22","Pending","50490","Shoping"
"338","Expense","2023-06-23","Chooclate","30000","Shoping"
"339","Expense","2023-06-25","Bus Fair","9100","Car Rent"
"340","Expense","2023-06-25","Pending","16000","Shoping"
"341","Expense","2023-06-25","Deposit fee","1500","Others"
"342","Expense","2023-06-25","Pending","28900","Shoping"
"343","Expense","2023-06-25","Taxi","5800","Car Rent"
"344","Expense","2023-06-26","Recharge","4688","Wife"
"345","Expense","2023-07-03","Nagad","120696","Wife"
"346","Expense","2023-07-03","Recharge","4688","Wife"
"347","Expense","2023-07-04","Recharge","4968","Wife"
"348","Expense","2023-07-10","Master Card Bill","778080","Master Card Bill"
"349","Expense","2023-07-12","JB Bank","863497","Loan"
"350","Expense","2023-07-12","Nagad","298194","Wife"
"351","Expense","2023-07-17","Recharge","5250","Wife"
"352","Expense","2023-07-17","Sim Bill","8720","Others"
"353","Expense","2023-07-17","Airport Bus","7100","Others"
"354","Expense","2023-07-17","Bus Fare","1500","Others"
"355","Expense","2023-07-17","Pending","37800","Medical"
"356","Expense","2023-07-17","Pending","12000","Shoping"
"357","Expense","2023-07-17","Pending","16150","Shoping"
"358","Expense","2023-07-18","Pending","36040","Shoping"
"359","Expense","2023-07-20","Nagad","38498","Wife"
"360","Expense","2023-07-22","Lotto","20000","Others"
"361","Expense","2023-07-22","Pending","501710","Shoping"
"362","Expense","2023-07-23","Bus fair","1600","Car Rent"
"363","Expense","2023-07-23","Pending","92340","Shoping"
"364","Expense","2023-07-25","Nagad","62297","Wife"
"365","Expense","2023-07-28","Najim/Nagad","158471","Family"
"366","Expense","2023-07-29","Mom","421183","Family"
"367","Expense","2023-07-31","Pending","14000","Shoping"
"368","Expense","2023-07-31","Recharge","3755","Wife"
"369","Expense","2023-07-31","Pending","16000","Others"
"370","Expense","2023-08-04","Nagad","63213","Wife"
"371","Expense","2023-08-05","Pending","42180","Shoping"
"372","Expense","2023-08-05","Pending","1450","Car Rent"
"373","Expense","2023-08-10","Master Card  Bill","511240","Master Card Bill"
"374","Expense","2023-08-12","Purchase Bike","1100000","Shoping"
"375","Expense","2023-08-12","Pending","16000","Others"
"376","Expense","2023-08-12","Pending","29000","Shoping"
"377","Expense","2023-08-12","Pending","1450","Car Rent"
"378","Expense","2023-08-14","JB Bank","854112","Loan"
"379","Expense","2023-08-14","Pending","18980","Shoping"
"380","Expense","2023-08-14","Pending","2900","Car Rent"
"381","Expense","2023-08-16","Recharge","4630","Wife"
"382","Expense","2023-08-16","Pending","4950","Car Rent"
"383","Expense","2023-08-16","Sim Bill","9640","Others"
"384","Expense","2023-08-18","Bike Registration","3000","Others"
"385","Expense","2023-08-18","Pending","40400","Others"
"386","Expense","2023-08-18","Pending","5000","Fuel"
"387","Expense","2023-08-20","Pending","12000","Shoping"
"388","Expense","2023-08-20","Haircut","12000","Others"
"389","Expense","2023-08-26","Pending","8200","Shoping"
"390","Expense","2023-08-27","Pending","12570","Shoping"
"391","Expense","2023-08-28","Pending","2900","Car Rent"
"392","Expense","2023-08-28","Pending","51990","Shoping"
"393","Expense","2023-09-03","Pending","147751","Shoping"
"394","Expense","2023-09-03","Pending","32905","Shoping"
"395","Expense","2023-09-03","Masala","5000","Shoping"
"396","Expense","2023-09-07","Pending","10000","Fuel"
"397","Expense","2023-09-09","Mobarak","300000","Debt"
"398","Expense","2023-09-09","Pending","19200","Shoping"
"399","Expense","2023-09-09","Master Card Bill","612233","Master Card Bill"
"400","Expense","2023-09-10","Nagad","186749","Wife"
"401","Expense","2023-09-10","IBBL","10000","Others"
"402","Expense","2023-09-11","Meskat (Bank)","583101","Debt"
"403","Expense","2023-09-12","JB Bank","844392","Loan"
"404","Expense","2023-09-11","Pending","95727","Others"
"405","Expense","2023-09-15","Pending","217929","Shoping"
"406","Expense","2023-09-17","Pending","89280","Shoping"
"407","Expense","2023-09-17","Sim Bill","7900","Others"
"408","Expense","2023-09-18","Madrasa(Nagad)","168806","Family"
"409","Expense","2023-09-20","Sahed(Nagad)","123904","Debt"
"410","Expense","2023-09-21","Pending","24100","Shoping"
"411","Expense","2023-09-21","Recharge","4680","Wife"
"412","Expense","2023-09-22","Nagad","64539","Wife"
"413","Expense","2023-09-23","Lotto","20000","Others"
"414","Expense","2023-09-23","Pending","199000","Shoping"
"415","Expense","2023-09-23","Pending","14000","Others"
"416","Expense","2023-09-23","Pending","9260","Shoping"
"417","Expense","2023-09-24","Bkash(Nupur)","125035","Lend"
"418","Expense","2023-09-25","Father (Bank)","2425045","Family"
"419","Expense","2023-09-25","Pending","14226","Others"
"420","Expense","2023-09-29","Pending","57000","Shoping"
"421","Expense","2023-09-29","Rice","24000","Shoping"
"422","Expense","2023-09-30","Pending","6600","Car Rent"
"423","Expense","2023-09-30","Touring","40000","Others"
"424","Expense","2023-10-01","Master Card Bill","951775","Master Card Bill"
"425","Expense","2023-10-01","5.5L","10000","Fuel"
"426","Expense","2023-10-01","Pending","32200","Shoping"
"427","Expense","2023-10-03","Pending","19100","Shoping"
"428","Expense","2023-10-03","Pending","28998","Shoping"
"429","Expense","2023-10-04","Pending","1450","Car Rent"
"430","Expense","2023-10-05","Level Test Fee","38000","Others"
"431","Expense","2023-10-07","Pending","9700","Shoping"
"432","Expense","2023-10-08","Pending","27900","Shoping"
"433","Expense","2023-10-08","Eating out","20000","Shoping"
"434","Expense","2023-10-09","Pending","25000","Shoping"
"435","Expense","2023-10-11","Myself(Bank)","597261","Family"
"436","Expense","2023-10-11","JB Bank","1041589","Loan"
"437","Expense","2023-10-12","Pending","10999","Shoping"
"438","Expense","2023-10-14","Pending","44312","Shoping"
"439","Expense","2023-10-14","Pending","12900","Shoping"
"440","Expense","2023-10-16","Pending","26200","Shoping"
"441","Expense","2023-10-16","Haircut","12000","Others"
"442","Expense","2023-10-16","Sim Bill","7900","Others"
"443","Expense","2023-10-22","Bank(Myself)","1179812","Family"
"444","Expense","2023-10-27","Bank(Myself)","696899","Family"
"445","Expense","2023-10-28","Meat,etc","88000","Shoping"
"446","Expense","2023-10-28","Pending","134650","Shoping"
"447","Expense","2023-10-29","Pending","8600","Shoping"
"448","Expense","2023-10-30","Pending","79000","Shoping"
"449","Expense","2023-10-31","Pending","13240","Shoping"
"450","Expense","2023-11-01","Pending","60380","Shoping"
"451","Expense","2023-11-04","Pending","8232","Shoping"
"452","Expense","2023-11-05","Pending","14560","Shoping"
"453","Expense","2023-11-10","Master Card Bill","638054","Master Card Bill"
"454","Expense","2023-11-11","Lotto","20000","Others"
"455","Expense","2023-11-12","Pending","10000","Fuel"
"456","Expense","2023-11-13","Pending","15100","Shoping"
"457","Expense","2023-11-13","Pending","25834","Shoping"
"458","Expense","2023-11-13","JB Bank","1044843","Loan"
"459","Expense","2023-11-14","Pending","9220","Shoping"
"460","Expense","2023-11-15","Myself","562841","Family"
"461","Expense","2023-11-15","Sim Bill","7900","Others"
"462","Expense","2023-11-19","Pending","47990","Shoping"
"463","Expense","2023-11-20","Pending","114000","Others"
"464","Expense","2023-11-24","Pending","16030","Shoping"
"465","Expense","2023-12-02","Pending","15500","Shoping"
"466","Expense","2023-12-03","Pending","22000","Shoping"
"467","Expense","2023-12-03","Daiso","3000","Shoping"
"468","Expense","2023-12-08","Pending","13813","Others"
"469","Expense","2023-12-08","Master Card Bill","577957","Master Card Bill"
"470","Expense","2023-12-11","JB Bank","1033271","Loan"
"471","Expense","2023-12-14","Bank(My Account)","804500","Family"
"472","Expense","2023-12-17","Pending","125860","Shoping"
"473","Expense","2023-12-17","Pending","1450","Car Rent"
"474","Expense","2023-12-18","Pending","25700","Shoping"
"475","Expense","2023-12-25","Pending","10440","Shoping"
"476","Expense","2023-12-28","Pending","126930","Shoping"
"477","Expense","2023-12-28","Sim Bill","7900","Others"
"478","Expense","2023-12-29","Lotto","20000","Others"
"479","Expense","2023-12-31","Pending","2900","Car Rent"
"480","Expense","2023-12-31","Oil,Vegetables etc","92000","Shoping"
"481","Expense","2023-12-31","Masala","22490","Shoping"
"482","Expense","2024-05-01","Nagad(Mysel)","63856","Family"
"483","Expense","2024-05-05","Mobile Recharge","1246","Family"
"484","Expense","2024-05-07","Mobile Recharge","12806","Family"
"485","Expense","2024-05-08","Mobile Recharge","8372","Wife"
"486","Expense","2024-05-09","Nagad(Mysel)","124924","Family"
"487","Expense","2024-05-10","Master Card Bill","450533","Master Card Bill"
"488","Expense","2024-05-10","Pending","545289","Shoping"
"489","Expense","2024-05-11","Pending","26580","Shoping"
"490","Expense","2024-05-13","Nagad(Mysel)","125103","Family"
"491","Expense","2024-05-14","Pending","14560","Shoping"
"492","Expense","2024-05-16","Mobile Recharge","1468","Wife"
"493","Expense","2024-05-16","Visa For Najim","2242359","Family"
"494","Expense","2024-05-16","Sim Bill","7900","Others"
"495","Expense","2024-05-17","Pending","50800","Shoping"
"496","Expense","2024-05-18","Pending","11400","Others"
"497","Expense","2024-05-19","Lotto","5000","Others"
"498","Expense","2024-05-19","Nagad(Najim)","62586","Family"
"499","Expense","2024-05-19","Pending","126820","Shoping"
"500","Expense","2024-05-20","Pending","1450","Car Rent"
"501","Expense","2024-05-22","Nagad(Najim)","174045","Family"
"502","Expense","2024-05-25","Eat","9000","Others"
"503","Expense","2024-05-25","Pending","2000","Shoping"
"504","Expense","2024-05-25","Pending","70770","Shoping"
"505","Expense","2024-05-25","Pending","5000","Fuel"
"506","Expense","2024-05-27","Chicken","8680","Shoping"
"507","Expense","2024-05-28","Master Card Bill","822384","Master Card Bill"
"508","Expense","2024-05-28","Nagad(Arafa)","23164","Wife"
"509","Expense","2024-05-31","Pending","10000","Fuel"
"510","Expense","2024-05-31","Pending","57560","Shoping"
"511","Expense","2024-06-01","lotto","10000","Others"
"512","Expense","2024-06-02","Mobarak","200000","Debt"
"513","Expense","2024-06-05","Nagad(Arafa)","58282","Wife"
"514","Expense","2024-06-05","Grocery","34020","Shoping"
"515","Expense","2024-06-07","Haircut","12000","Others"
"516","Expense","2024-06-07","Mahbub(Shoping)","37940","Debt"
"517","Expense","2024-06-07","Yogurt","4980","Shoping"
"518","Expense","2024-06-07","Embassy","18000","Others"
"519","Expense","2024-06-09","Meat","41000","Shoping"
"520","Expense","2024-06-09","Mahbub(Shoping)","5000","Debt"
"521","Expense","2024-06-09","Master Card Bill","21560","Master Card Bill"
"522","Expense","2024-06-09","CU","4600","Shoping"
"523","Expense","2024-06-11","Grocery","36250","Shoping"
"524","Expense","2024-06-11","Voip","16000","Others"
"525","Expense","2024-06-11","GME","598000","Loan"
"526","Expense","2024-06-12","Nagad(Arafa)","117075","Wife"
"527","Expense","2024-06-15","Lotto","5000","Others"
"528","Expense","2024-06-16","Eid Shoping","82350","Shoping"
"529","Expense","2024-06-17","Sim Bill","7900","Others"
"530","Expense","2024-06-17","Tour","58740","Car Rent"
"531","Expense","2024-06-19","CU","3700","Shoping"
"532","Expense","2024-06-22","No Description","11400","Fuel"
"533","Expense","2024-06-22","Grocery","23460","Shoping"
"534","Expense","2024-06-28","Grocery","12290","Shoping"
"535","Expense","2024-06-29","Ball","3000","Shoping"
"536","Expense","2024-06-29","Master Card Bill","510517","Master Card Bill"
"537","Expense","2024-06-30","Daiso(Cleaning)","15000","Shoping"
"538","Expense","2024-07-01","Pending","40600","Shoping"
"539","Expense","2024-07-02","Father (Bank)","772956","Family"
"540","Expense","2024-07-06","Najim","58667","Family"
"541","Expense","2024-07-06","Pending","14500","Shoping"
"542","Expense","2024-07-06","Pending","12500","Shoping"
"543","Expense","2024-07-09","Pending","6960","Shoping"
"544","Expense","2024-07-09","Arafa(Nagad)","35086","Wife"
"545","Expense","2024-07-09","Najim(Nagad)","116957","Family"
"546","Expense","2024-07-09","Ticket","590000","Debt"
"547","Expense","2024-07-10","Najim","161358","Family"
"548","Expense","2024-07-13","Gme","598000","Loan"
"549","Expense","2024-07-13","Arafa(Nagad)","164411","Family"
"550","Expense","2024-07-13","Pending","40860","Shoping"
"551","Expense","2024-07-14","Pending","4000","Shoping"
"552","Expense","2024-07-16","Sim bill","7900","Others"
"553","Expense","2024-07-16","Arafa(Nagad)","58592","Wife"
"554","Expense","2024-07-16","Rojob & Robiul","0","Debt"
"555","Expense","2024-07-16","Pending","16300","Car Rent"
"556","Expense","2024-07-16","Pending","90100","Others"
"557","Expense","2024-07-17","Pending","22620","Shoping"
"558","Expense","2024-07-19","Pending","1600","Shoping"
"559","Expense","2024-07-20","Pending","10400","Shoping"
"560","Expense","2024-07-21","Pending","4000","Shoping"
"561","Expense","2024-07-21","Fine","60000","Car Rent"
"562","Expense","2024-07-22","Arafa(Nagad)","293338","Wife"
"563","Expense","2024-07-24","Jeju Tour","257100","Car Rent"
"564","Expense","2024-07-24","Pending","14870","Car Rent"
"565","Expense","2024-07-24","Pending","953500","Others"
"566","Expense","2024-07-24","Pending","24580","Shoping"
"567","Expense","2024-07-24","Pending","14799","Others"
"568","Expense","2024-07-25","CGV","27500","Others"
"569","Expense","2024-07-26","Hotel","80443","Others"
"570","Expense","2024-07-28","Pending","14500","Shoping"
"571","Expense","2024-07-28","Pending","54400","Shoping"
"572","Expense","2024-07-28","Arafa(Nagad)","234165","Wife"
"573","Expense","2024-07-28","T-Shirt","17000","Shoping"
"574","Expense","2024-07-28","Ansan Masjid","10000","Donation"
"575","Expense","2024-07-30","Arafa(Nagad)","234120","Wife"
"576","Expense","2024-07-30","Tour Expenses","462100","Shoping"
"577","Expense","2024-07-31","Pending","33540","Shoping"
"578","Expense","2024-07-31","Tour Expenses","189200","Shoping"
"579","Expense","2024-07-31","Al Amin","58199","Lend"
"580","Expense","2024-08-01","Pending","10000","Shoping"
"581","Expense","2024-08-01","Tour","285920","Shoping"
"582","Expense","2024-08-02","Tour","295750","Shoping"
"583","Expense","2024-08-03","Hair Cut and Food","26000","Shoping"
"584","Expense","2024-08-04","Najim","138445","Family"
"585","Expense","2024-08-06","Master Card Bill","647529","Master Card Bill"
"586","Expense","2024-08-06","Pending","3100","Car Rent"
"587","Expense","2024-08-08","Mobile Recharge","6584","Wife"
"588","Expense","2024-08-09","Mahabub","300000","Debt"
"589","Expense","2024-08-09","Grocery","106150","Shoping"
"590","Expense","2024-08-09","Visa Fee","60000","Others"
"591","Expense","2024-08-09","Pending","10000","Fuel"
"592","Expense","2024-08-09","Pending","3000","Shoping"
"593","Expense","2024-08-10","Helmet Heasset","16236","Shoping"
"594","Expense","2024-08-11","Arafa(Bkash)","116651","Wife"
"595","Expense","2024-08-11","Bank(Father)","610138","Family"
"596","Expense","2024-08-11","Arafa(Nagad)","253028","Wife"
"597","Expense","2024-08-12","Gme","598000","Loan"
"598","Expense","2024-08-12","Pending","45300","Shoping"
"599","Expense","2024-08-15","Insurance","162170","Others"
"600","Expense","2024-08-17","Sim Bill","7900","Others"
"601","Expense","2024-08-17","Pending","7000","Shoping"
"602","Expense","2024-08-18","Pending","7100","Shoping"
"603","Expense","2024-08-18","Lunch","12000","Shoping"
"604","Expense","2024-08-20","Pending","14600","Shoping"
"605","Expense","2024-08-21","Ali Express","110000","Shoping"
"606","Expense","2024-08-22","Arafa(Nagad)","56455","Wife"
"607","Expense","2024-08-22","Grocery","24440","Shoping"
"608","Expense","2024-08-23","Father)Bkash)","170124","Family"
"609","Expense","2024-08-23","As Sunnah","56952","Donation"
"610","Expense","2024-08-29","Al Mahbub","400000","Debt"
"611","Expense","2024-08-29","Pending","54400","Shoping"
"612","Expense","2024-08-29","Pending","23600","Debt"
"613","Expense","2024-08-30","Arafa Nagad","110196","Wife"
"614","Expense","2024-08-31","Pending","8300","Shoping"
"615","Expense","2024-08-31","Arafa Nagad","56434","Wife"
"616","Expense","2024-09-02","Pending","10000","Fuel"
"617","Expense","2024-09-02","Pending","19000","Shoping"
"618","Expense","2024-09-04","Arafa(Nagad)","111069","Wife"
"619","Expense","2024-09-04","Father(Bkash)","169742","Family"
"620","Expense","2024-09-07","Master Card Bill","406777","Master Card Bill"
"621","Expense","2024-09-09","Arafa(Bkash)","115915","Family"
"622","Expense","2024-09-09","Father(Bkash)","33924","Family"
"623","Expense","2024-09-09","Mobile Recharge","5260","Wife"
"624","Expense","2024-09-09","Pending","11000","Shoping"
"625","Expense","2024-09-12","Father(Bkash)","168933","Family"
"626","Expense","2024-09-12","GME","598000","Loan"
"627","Expense","2024-09-15","Bryani","50000","Shoping"
"628","Expense","2024-09-15","Asiana","84000","Shoping"
"629","Expense","2024-09-15","Pending","134085","Car Rent"
"630","Expense","2024-09-15","Pending","44200","Shoping"
"631","Expense","2024-09-15","Pending","65000","Shoping"
"632","Expense","2024-09-18","Arafa(Nagad)","55413","Wife"
"633","Expense","2024-09-18","Father(Bkash)","55578","Family"
"634","Expense","2024-09-18","Pending","23700","Shoping"
"635","Expense","2024-09-20","Arafa(Nagad)","33400","Wife"
"636","Expense","2024-09-20","Sim Bill","7900","Others"
"637","Expense","2024-09-23","Cu","3317","Shoping"
"638","Expense","2024-09-25","Mobile Recharge","5144","Wife"
"639","Expense","2024-09-25","Pending","4500","Shoping"
"640","Expense","2024-09-27","Pending","3600","Shoping"
"641","Expense","2024-09-27","Mahbub","595540","Debt"
"642","Expense","2024-09-29","Mahbub","300000","Lend"
"643","Expense","2024-09-29","Tape","4000","Shoping"
"644","Expense","2024-10-01","Master Card Bill","922885","Master Card Bill"
"645","Expense","2024-10-01","Lotteria","9300","Shoping"
"646","Expense","2024-10-04","Arafa(Nagad)","110931","Wife"
"647","Expense","2024-10-04","Lotteria","7800","Shoping"
"648","Expense","2024-10-06","Grocery","63040","Shoping"
"649","Expense","2024-10-07","Arafa(Nagad)","110713","Wife"
"650","Expense","2024-10-08","Mobile Recharge","3942","Wife"
"651","Expense","2024-10-09","Bank(Myself)","661804","Family"
"652","Expense","2024-10-10","Haider(Nagad)","110834","Wife"
"653","Expense","2024-10-12","GME","598000","Loan"
"654","Expense","2024-10-12","Rice","34887","Shoping"
"655","Expense","2024-10-12","Najim(Bkash)","111348","Family"
"656","Expense","2024-10-12","Grocery","62000","Shoping"
"657","Expense","2024-10-12","Hair Cut","12000","Others"
"658","Expense","2024-10-13","Grocery","7264","Shoping"
"659","Expense","2024-10-16","Pending","30683","Others"
"660","Expense","2024-10-18","Grocery","6090","Shoping"
"661","Expense","2024-10-18","Sim Bill","7900","Others"
"662","Expense","2024-10-20","Arafa(Nagad)","45089","Family"
"663","Expense","2024-10-20","Lotto","5000","Others"
"664","Expense","2024-10-24","Arafa(Nagad)","22639","Wife"
"665","Expense","2024-10-26","Recharge","4002","Wife"
"666","Expense","2024-10-27","Laptop","630000","Shoping"
"667","Expense","2024-10-27","Pending","14000","Fuel"
"668","Expense","2024-10-27","Pending","33320","Shoping"
"669","Expense","2024-10-27","Pending","48900","Shoping"
"670","Expense","2024-10-27","Daiso","19000","Shoping"
"671","Expense","2024-10-31","Pending","74567","Shoping"
"672","Expense","2024-10-31","Arafa(Nagad)","56752","Wife"
"673","Expense","2024-11-03","Najim","118943","Family"
"674","Expense","2024-11-03","Master card","63190","Shoping"
"675","Expense","2024-11-07","Master card Bill","198047","Master Card Bill"
"676","Expense","2024-11-07","Ali Express","119045","Shoping"
"677","Expense","2024-11-11","GME","2331372","Loan"
"678","Expense","2024-11-11","Pending","119700","Shoping"
"679","Expense","2024-11-13","Pending","232000","Others"
"680","Expense","2024-11-15","Sim Bill","7900","Others"
"681","Expense","2024-11-15","Father(Bkash)","58430","Family"
"682","Expense","2024-11-15","Pending","11300","Shoping"
"683","Expense","2024-11-17","Pending","18000","Shoping"
"684","Expense","2024-11-17","Temu","17623","Shoping"
"685","Expense","2024-11-17","Nagad","57337","Wife"
"686","Expense","2024-11-17","Pending","13200","Shoping"
"687","Expense","2024-11-18","Nagad","58285","Family"
"688","Expense","2024-11-18","Pending","31381","Others"
"689","Expense","2024-11-18","Pending","1450","Car Rent"
"690","Expense","2024-11-18","Ali Express","27226","Shoping"
"691","Expense","2024-11-19","Ali Express","12100","Shoping"
"692","Expense","2024-11-24","Grocery","90000","Shoping"
"693","Expense","2024-11-24","Pending","16000","Shoping"
"694","Expense","2024-11-27","Mojid(Cricket)","22975","Donation"
"695","Expense","2024-11-27","Pending","79420","Shoping"
"696","Expense","2024-11-30","Father(Bkash)","115190","Family"
"697","Expense","2024-11-30","Arafa","22974","Wife"
"698","Expense","2024-11-30","Ali Express","10000","Shoping"
"699","Expense","2024-11-30","Grocery","41300","Shoping"
"700","Expense","2024-11-30","Pending","14555","Others"
"701","Expense","2024-12-01","Najma khala(Bkash)","230424","Bike"
"702","Expense","2024-12-05","Pending","42480","Shoping"
"703","Expense","2024-12-08","Arafa(Nagad)","291907","Wife"
"704","Expense","2024-12-10","Pending","8000","Shoping"
"705","Expense","2024-12-10","Najim(Dubai)","156406","Family"
"706","Expense","2024-12-10","Exam Fee","22800","Others"
"707","Expense","2024-12-10","Master Card Bill","600506","Master Card Bill"
"708","Expense","2024-12-11","Mobile Recharge","6193","Wife"
"709","Expense","2024-12-11","Temu","8891","Shoping"
"710","Expense","2024-12-13","Nagad","29470","Wife"
"711","Expense","2024-12-13","Pending","48900","Shoping"
"712","Expense","2024-12-15","Nagad","235867","Wife"
"713","Expense","2024-12-15","Grocery","29710","Shoping"
"714","Expense","2024-12-15","Father(Bkash)","58145","Family"
"715","Expense","2024-12-18","Pending","32301","Others"
"716","Expense","2024-12-18","Shoping","34351","Shoping"
"717","Expense","2024-12-18","Sim Bill","7900","Others"
"718","Expense","2024-12-20","Nagad","35756","Wife"
"719","Expense","2024-12-22","Pending","18700","Shoping"
"720","Expense","2024-12-22","Grocery","37420","Shoping"
"721","Expense","2024-12-24","Nagad","35815","Wife"
"722","Expense","2024-12-27","Temu","69121","Shoping"
"723","Expense","2024-12-27","Nagad","540072","Family"
"724","Expense","2024-12-27","Pending","37110","Shoping"
"725","Expense","2024-12-28","Pending","12200","Shoping"
"726","Expense","2024-12-28","Lipgel","3000","Shoping"
"728","Expense","2025-01-03","Master Card Bill","194691","Master Card Bill"
"729","Expense","2025-01-03","Family Maintainence","198958","Brother"
"730","Expense","2025-01-04","Personal Items","37250","Shoping"
"731","Expense","2025-01-06","Mobile Recharge","4555","Wife"
"732","Expense","2025-01-06","Family Maintainence","120718","Family Maintainance"
"733","Expense","2025-01-07","Family Maintainence","35852","Family Maintainance"
"734","Income","2025-01-10","Lee's Trading Co, Ltd","3573110","Salary"
"735","Expense","2025-01-10","Family Maintainence","121100","Family Maintainance"
"736","Expense","2025-01-26","Groceries","29640","Groceries"
"737","Expense","2025-01-15","Sim Bill","7900","Mobile Bill"
"738","Expense","2025-01-17","Family Maintainence","60323","Family Maintainance"
"739","Income","2025-01-21","Biswas Gour","49900","Others"
"740","Expense","2025-01-22","Expenses","23698","Mother"
"741","Income","2025-01-23","Bonus (Lee's Trading)","100000","Salary"
"742","Expense","2025-01-26","Najma Khala","11846","Relatives"
"743","Debt","2024-12-07","Debt received from Mahabub","1000000","Debt"
"744","Debt","2025-01-26","Debt received from Mahabub","2000000","Debt"
"745","Income","2025-01-22","Siljangnim","200000","Salary"
"746","Expense","2025-01-10","Pending","8080","Shoping"
"747","Expense","2025-01-13","Pending","12000","Shoping"
"748","Expense","2025-01-16","Pending","32774","Others"
"749","Expense","2025-01-17","Pending","12900","Shoping"
"750","Expense","2025-01-20","Pending","49900","Shoping"
"751","Expense","2025-01-22","Pending","13300","Shoping"
"752","Expense","2025-01-26","Pending","10380","Shoping"
"753","Expense","2025-01-28","Mobile Recharge","8132","Family Maintainance"
"755","Expense","2025-01-28","Pending","13900","Eating Out"
"756","Expense","2025-01-28","Pending","7890","Others"
"758","Expense","2025-01-29","For Expenses","59626","Wife"
"759","Expense","2025-01-29","For Shoping (Nakshi Katha)","35775","Sister"
"761","Expense","2025-01-29","For Expenses","131316","Father"
"762","Expense","2025-01-29","Pending","39800","Shoping"
"763","Expense","2025-01-30","Family maintainance","130925","Family Maintainance"
"764","Expense","2025-01-30","Meat,cakes, and others","64740","Groceries"
"765","Expense","2025-01-31","Account Activation","75772","Myself(Brac Bank)"
"768","Expense","2025-02-02","Mahin and Arafa","36892","Wife"
"769","Expense","2025-02-02","Credit Card bill","200924","Master Card Bill"
"770","Expense","2025-02-04","Mother","24508","Family Maintainance"
"771","Expense","2025-02-07","To my account first","133417","Brother"
"773","Expense","2025-02-07","Pending","12000","Eating Out"
"774","Expense","2025-02-10","Mobile Recharge","7830","Wife"
"775","Income","2025-02-10","Lee's Trading co Ltd ","4432138","Salary"
"776","Expense","2025-02-11","Pending","17000","Eating Out"
"777","Expense","2025-02-12","Family expenses","114541","Wife"
"778","Expense","2025-02-14","Family expenses","130362","Family Maintainance"
"791","Expense","2025-02-15","Pending","54061","Movies"
"792","Expense","2025-02-16","Pending","73000","Groceries"
"793","Expense","2025-02-18","Sim Bill","7900","Sim Bill"
"794","Expense","2025-02-18","Pending","32436","ChatGpt Subcription"
"795","Expense","2025-02-18","Family maintainance","23674","Wife"
"796","Expense","2025-02-18","Mohsin","118459","Relatives"
"797","Expense","2025-02-19","Dr visit and medication ","23694","Wife"
"798","Expense","2025-02-19","Biye","35542","Father"
"803","Expense","2025-02-22","Pending","61900","Shopping"
"804","Expense","2025-02-23","Mohsin","235972","Relatives"
"805","Expense","2025-02-23","For buying babies food","35395","Wife"
"806","Expense","2025-02-23","Hair Cut","12000","Personal"
"807","Expense","2025-02-23","Eggs,Bread Etc","50790","Groceries"
"808","Expense","2025-02-23","Pending","9000","Shopping"
"809","Expense","2025-02-25","Mobile Recharge","8610","Wife"
"810","Expense","2025-02-28","Pending","24130","Groceries"
"811","Expense","2025-02-28","Ramadan groceries and other expenses ","239957","Family Maintainance"
"812","Expense","2025-03-01","Lend given to Gour Biswas","51900","Lend"
"813","Expense","2025-03-02","Family expenses","84159","Father"
"814","Lend","2025-03-03","Lend received from Gour Biswas","51900","Lend Payment"
"815","Expense","2025-03-03","Family maintainance","72066","Wife"
"816","Income","2025-03-03","Lend","20600","Salary"
"817","Expense","2025-03-03","Master Card","291417","Master Card Bill"
"818","Expense","2025-03-04","Pending","24900","Groceries"
"819","Expense","2025-03-05","Anwar Hossain Bangladesh","162431","Brother"
"820","Expense","2025-03-06","Pending","5000","Groceries"
"821","Expense","2025-03-07","Pending","39150","Groceries"
"822","Expense","2025-03-08","Samira medical bill and arafa ","119070","Family Maintainance"
"823","Expense","2025-03-09","Pending","10600","Eating Out"
"824","Expense","2025-03-09","Pending","10000","Fuel"
"825","Income","2025-03-10","Lee's Trading Co, Ltd","3779009","Salary"
"826","Expense","2025-03-10","Pending","12500","Eating Out"
"827","Expense","2025-03-11","Pending","17200","Eating Out"
"828","Expense","2025-03-12","Family expenses","119481","Family Maintainance"
"829","Expense","2025-03-13","Baby dress and etc","169739","Shopping"
"830","Expense","2025-03-14","Baby products ","47911","Wife"
"831","Expense","2025-03-14","Eid Shopping","119563","Wife"
"832","Expense","2025-03-15","Pending","66500","Groceries"
"833","Expense","2025-03-16","Pending","26020","Groceries"
"834","Expense","2025-03-18","Pending","32638","ChatGpt Subcription"
"835","Expense","2025-03-19","LGU+","7900","Sim Bill"
"836","Expense","2025-03-20","Pending","34000","Eating Out"
"837","Expense","2025-03-21","Netflix Subscription","7750","Netflix "
"838","Expense","2025-03-23","Family maintainance and Eid Shopping","132560","Wife"
"839","Expense","2025-03-23","Family maintainance and Eid Shopping","361293","Family Maintainance"
"840","Expense","2025-03-23","Pending","7000","Shopping"
"841","Expense","2025-03-23","Pending","10620","Groceries"
"842","Expense","2025-03-26","Pending","554600","Tour"
"843","Expense","2025-03-26","Pending","99500","Shopping"
"844","Expense","2025-03-27","Mobile Recharge","7880","Wife"
"845","Expense","2025-03-27","Pending","51160","Shopping"
"846","Expense","2025-03-31","Family maintainance","305120","Family"
"847","Expense","2025-03-31","Taxi","7500","Transportation"
"848","Expense","2025-03-31","Family maintainance","36213","Wife"
"849","Expense","2025-03-31","Pending","21600","Eating Out"
"850","Expense","2025-04-04","Master Card Bill","636488","Master Card Bill"
"851","Expense","2025-04-04","Family expenses and others","358357","Family Maintainance"
"852","Expense","2025-04-08","Family expenses and home appliances ","364208","Family"
"854","Income","2025-04-10","Lee's Trading co Ltd ","3706155","Salary"
"855","Expense","2025-04-12","Family expenses","355726","Family"
"856","Expense","2025-04-15","Laptop Charger and Bike Cover","22712","Shopping"
"857","Expense","2025-04-14","Pending","10850","Food"
"858","Expense","2025-04-15","Pending","19000","Shopping"
"859","Expense","2025-04-15","Pending","20489","Car Rent"
"860","Expense","2025-04-15","Pending","28000","Eating Out"
"861","Expense","2025-04-15","Pending","1800","Transportation"
"862","Expense","2025-04-16","Family maintainance","94659","Wife"
"863","Expense","2025-04-16","Family maintainance","23665","Mother"
"864","Expense","2025-04-15","LGU+","7000","Sim Bill"
"865","Expense","2025-04-16","Pending","31852","ChatGpt Subcription"
"866","Expense","2025-04-17","Pending","12000","Fuel"
"867","Expense","2025-04-17","Pending","33140","Groceries"
"868","Expense","2025-04-19","Pending","7000","Transportation"
"869","Expense","2025-04-19","Mobile Recharge ","7636","Wife"
"870","Expense","2025-04-19","Pending","53900","Groceries"
"871","Expense","2025-04-21","Family expenses","58446","Wife"
"872","Expense","2025-04-21","Electricity bill","18633","Family Maintainance"
"873","Expense","2025-04-26","Family maintainance","11807","Wife"
"874","Expense","2025-04-26","Meat,Fish Etc","55000","Groceries"
"875","Expense","2025-04-26","Pending","13700","Eating Out"
"876","Expense","2025-04-26","Pending","76023","Car Rent"
"877","Expense","2025-04-27","Eggs","7000","Groceries"
"878","Expense","2025-04-27","Home applience","12000","Shopping"
"879","Expense","2025-04-28","Fruits,Milk etc","33080","Groceries"
"880","Expense","2025-04-30","For His Expenses","278025","Brother"
"881","Expense","2025-04-30","Cgv","39850","Movies"
"882","Debt","2025-04-30","Debt received from Mahabub","2000000","Debt"
"883","Expense","2025-05-01","Family maintainance","120706","Wife"
"884","Expense","2025-05-01","Family maintainance","273724","Family"
"885","Expense","2025-05-01","Samsung Card","504901","Master Card Bill"
"886","Expense","2025-05-01","Pending","14140","Shopping"
"887","Expense","2025-05-01","Bread and other stuffs","20820","Groceries"
"888","Income","2025-05-01","Bonus","338000","Salary"
"889","Expense","2025-05-03","Pending","23420","Shopping"
"890","Expense","2025-05-05","Delwar Mama (DEBT)","2270878","Relatives"
"891","Expense","2025-05-05","Family maintainance","195471","Family"
"892","Expense","2025-05-06","Pending","199000","Shopping"
"893","Expense","2025-05-06","Pending","12000","Fuel"
"894","Expense","2025-05-06","Bicycle Acessories","20250","Shopping"
"895","Expense","2025-05-06","Pending","4600","Eating Out"
"896","Expense","2025-05-08","Pending","23400","Groceries"
"897","Expense","2025-05-09","Buying Fan","70317","Wife"
"898","Income","2025-05-10","Lee's Trading co Ltd ","2561400","Salary"
"899","Expense","2025-05-10","Pending","3200","Groceries"
"900","Expense","2025-05-14","Passport fee","160262","Wife"
"901","Expense","2025-05-14","Family expenses","127856","Family"
"902","Expense","2025-05-14","Mobile Recharge","3517","Wife"
"903","Expense","2025-05-15","Pending","5200","Eating Out"
"904","Expense","2025-05-15","Sim Bill","7900","Utility"
"905","Expense","2025-05-18","Pending","23380","Groceries"
"906","Expense","2025-05-18","Pending","9500","Shopping"
"907","Expense","2025-05-18","Pending","12000","Eating Out"
"908","Expense","2025-05-17","Pending","3700","Eating Out"
"909","Expense","2025-05-15","Pending","31458","ChatGpt Subcription"
"910","Expense","2025-05-23","Pending","15500","Eating Out"
"911","Expense","2025-05-22","Family expenses,Qurbani,Eid shopping (to my Brack bank)","790689","Family Maintainance"
"912","Expense","2025-05-24","CU Food","10300","Eating Out"
"913","Expense","2025-05-24","Daiso ","6000","Shopping"
"914","Expense","2025-05-25","Pending","58000","Groceries"
"915","Expense","2025-05-26","Pending","30950","Shopping"
"916","Expense","2025-05-26","Pending","4200","Eating Out"
"917","Expense","2025-05-29","Hair cut","12000","Myself"
"918","Expense","2025-05-29","Turmeric powder","6000","Groceries"
"919","Expense","2025-06-01","Samsung Card","509948","Master Card Bill"
"920","Expense","2025-06-01","Pending","12000","Fuel"
"921","Expense","2025-06-01","Pending","29960","Groceries"
"922","Expense","2025-06-03","Family maintainance and Eid Shopping","113144","Wife"
"923","Expense","2025-06-04","Family maintainance and Eid Shopping","338832","Family Maintainance"
"924","Expense","2025-06-05","Pending","6000","Groceries"
"925","Expense","2025-06-07","Pending","15000","Groceries"
"926","Expense","2025-06-07","Pending","110303","Car Rent"
"927","Expense","2025-06-07","Pending","3900","Eating Out"
"928","Expense","2025-06-08","Pending","58000","Eating Out"
"929","Expense","2025-06-08","Pending","12100","Eating Out"
"930","Expense","2025-06-07","Halim mix","12000","Groceries"
"931","Expense","2025-06-07","Everland ticket ","186000","Entertainment"
"932","Expense","2025-06-09","Family expenses","22354","Wife"
"933","Expense","2025-06-09","Family expenses","134140","Brother"
"934","Income","2025-06-10","Lee's Trading co Ltd ","4277160","Salary"
"935","Expense","2025-06-10","Mobile Recharge ","3877","Wife"
"936","Expense","2025-06-15","Pending","8400","Eating Out"
"937","Expense","2025-06-16","Pending","36380","Groceries"
"938","Expense","2025-06-16","Pending","10000","Shopping"
"939","Expense","2025-06-18","Pending","22820","Groceries"
"940","Expense","2025-06-18","Pending","30548","ChatGpt Subcription"
"941","Expense","2025-06-18","LGU+","7900","Sim Bill"
"942","Expense","2025-06-18","Family maintainance","113296","Family Maintainance"
"943","Expense","2025-06-20","Family maintainance","113247","Family Maintainance"
"944","Expense","2025-06-20","Family maintainance","67949","Wife"
"945","Expense","2025-06-21","Laptop Accessories","6810","Shopping"
"946","Expense","2025-06-21","Pending","26600","Shopping"
"947","Expense","2025-06-21","Pending","6200","Eating Out"
"948","Expense","2025-06-22","Family maintainance","22661","Wife"
"949","Expense","2025-06-22","Pending","18500","Groceries"
"950","Expense","2025-06-24","Pending","25000","Transportation"
"951","Expense","2025-06-24","Pending","4700","Groceries"
"952","Expense","2025-06-27","Pending","5500","Eating Out"
"953","Expense","2025-06-30","Daiso","10000","Shopping"
"954","Expense","2025-06-30","Eggs,Bread etc","21460","Groceries"
"955","Expense","2025-07-01","Family maintainance","111752","Wife"
"956","Expense","2025-07-01","Family maintainance","44712","Father"
"957","Expense","2025-07-01","Family maintainance","167627","Mother"
"958","Expense","2025-06-29","Pending","13000","Fuel"
"959","Expense","2025-06-29","Pending","4200","Eating Out"
"960","Expense","2025-06-29","Pending","55350","Groceries"
"961","Expense","2025-06-29","Pending","59160","Car Rent"
"962","Expense","2025-07-01","Samsung Card","606721","Master Card Bill"
"963","Expense","2025-07-01","Pending","8200","Car Rent"
"964","Expense","2025-07-02","House party","5125","Entertainment"
"965","Expense","2025-07-02","Netflix Subscription","4250","Netflix "
"966","Expense","2025-07-02","Pant","13187","Shopping"
"967","Debt","2025-07-05","Debt received from Mahabub","1300000","Debt"
"968","Expense","2025-07-05","Lotto","10000","Entertainment"
"970","Expense","2025-07-05","Pending","50270","Groceries"
"971","Expense","2025-07-05","Pending","5500","Eating Out"
"972","Expense","2025-07-09","Pending","6460","Groceries"
"973","Expense","2025-07-09","Pending","8000","Shopping"
"974","Income","2025-07-10","Lee's Trading co Ltd ","3003350","Salary"
"975","Expense","2025-07-10","Al Amin","56634","Friends"
"976","Expense","2025-07-10","Birthday expenses","33981","Wife"
"977","Expense","2025-07-11","phone gadgets","29044","For Myself"
"978","Expense","2025-07-12","Pending","14043","Movies"
"979","Expense","2025-07-12","Pending","49500","Tour"
"980","Expense","2025-07-12","Al Amin","458165","Friends"
"981","Expense","2025-07-13","Pending","5700","Eating Out"
"982","Expense","2025-07-14","Pending","8090","Car Rent"
"983","Expense","2025-07-17","LGU+","7900","Sim Bill"
"984","Expense","2025-07-17","Pending","31188","ChatGpt Subcription"
"985","Expense","2025-07-20","Pending","8100","Eating Out"
"986","Expense","2025-07-20","Pending","5000","Fuel"
"987","Expense","2025-07-20","Pending","58930","Groceries"
"988","Expense","2025-07-20","Pending","6460","Eating Out"
"989","Expense","2025-07-20","For His Expenses","237970","Brother"
"990","Expense","2025-07-20","Medical expenses","58074","Wife"
"991","Expense","2025-07-22","Pending","7890","Coupang Subscription"
"992","Expense","2025-07-22","Pending","28770","Groceries"
"993","Expense","2025-07-24","Visa Extension","60000","Myself"
"994","Expense","2025-07-27","Pending","4000","Eating Out"
"995","Expense","2025-07-27","Pending","54800","Movies"
"996","Expense","2025-07-24","Medical expense","40072","Father"
"997","Expense","2025-07-27","Rabbies vaccine","34295","Wife"
"998","Expense","2025-07-26","Expenses","23108","Father"
"999","Income","2025-07-28","Ajumma","200000","Bonus"
"1000","Expense","2025-07-28","Traffic fine","32000","Transportation"
"1001","Expense","2025-07-29","Expenses","148908","Wife"
"1002","Expense","2025-07-29","Family expenses","229089","Mother"
"1003","Expense","2025-07-29","Mobile Recharge","6437","Wife"
"1004","Expense","2025-07-30","Taxi","12200","Transportation"
"1005","Expense","2025-07-30","Bike accusation tax","46000","Transportation"
"1006","Expense","2025-07-30","Bike Insurance","233080","Transportation"
"1007","Expense","2025-07-30","Bike","2300000","Transportation"
"1008","Expense","2025-07-31","Pending","4000","Fuel"
"1009","Expense","2025-07-31","Pending","4000","Eating Out"
"1010","Expense","2025-07-31","Bike accesories","115125","Shopping"
"1011","Expense","2025-07-31","Bike repair","95000","Transportation"
"1012","Expense","2025-07-31","Hand gloves","2997","Shopping"
"1013","Income","2025-07-31","Bike sales","1500000","From Someone"
"1015","Debt","2025-07-31","Debt received from Mahabub","1000000","Debt"
"1016","Expense","2025-08-01","Pending","2950","Eating Out"
"1017","Expense","2025-08-01","Pending","20970","Groceries"
"1018","Expense","2025-08-01","Pending","3000","Shopping"
"1019","Expense","2025-08-02","Samsung Card","391050","Master Card Bill"
"1020","Expense","2025-08-02","Pending","9800","Eating Out"
"1021","Expense","2025-08-02","Pending","27720","Groceries"
"1022","Expense","2025-08-03","Pending","13000","Shopping"
"1023","Expense","2025-08-03","Pending","10568","Fuel"
"1024","Expense","2025-08-05","Pending","10500","Eating Out"
"1025","Expense","2025-08-05","Pending","3250","Public transportation fare"
"1026","Income","2025-08-08","Lee's Trading co Ltd ","2449670","Salary"
"1027","Expense","2025-08-08","For home","67837","Shopping"
"1028","Expense","2025-08-08","Pending","211349","For Myself"
"1029","Expense","2025-08-09","Pending","6700","Eating Out"
"1030","Expense","2025-08-09","Family expenses","34864","Wife"
"1031","Expense","2025-08-10","Pending","17010","Home Rent"
"1032","Expense","2025-08-10","Pending","9470","Car Rent"
"1033","Expense","2025-08-10","Pending","6900","Shopping"
"1034","Expense","2025-08-14","Najma khala","173804","Relatives"
"1035","Expense","2025-08-14","For buying babies food","34867","Wife"
"1036","Expense","2025-08-14","Boro aunty","23045","Relatives"
"1037","Expense","2025-08-15","Pending","31940","Groceries"
"1038","Expense","2025-08-15","Baby products and medical expenses for father","46467","Wife"
"1039","Expense","2025-08-15","For expenses ","16369","Wife"
"1040","Expense","2025-08-16","Pending","31244","Coupang Subscription"
"1041","Expense","2025-08-16","Pending","81820","Car Rent"
"1042","Expense","2025-08-17","Pending","20000","Groceries"
"1043","Expense","2025-08-17","Pending","3000","Shopping"
"1044","Expense","2025-08-16","Pending","8900","Shopping"
"1045","Expense","2025-08-17","Pending","6950","Groceries"
"1046","Expense","2025-08-18","LGU+","11870","Sim Bill"
"1047","Expense","2025-08-18","Family expenses","46383","Father"
"1048","Expense","2025-08-20","Family expenses","17530","Wife"
"1049","Expense","2025-08-20","Other expenses","11684","Wife"
"1050","Expense","2025-08-21","Pending","40668","Vehicle repairs"
"1051","Expense","2025-08-21","Taxi","9700","Public transportation fare"
"1052","Expense","2025-08-22","Taxi","6700","Public transportation fare"
"1053","Expense","2025-08-23","Family expenses","57763","Father"
"1054","Expense","2025-08-23","Family expenses","28886","Mother"
"1055","Expense","2025-08-22","Family expenses","35000","Wife"
"1056","Expense","2025-08-23","Pending","9900","Eating Out"
"1057","Expense","2025-08-24","Family expenses","17339","Wife"
"1058","Expense","2025-08-24","For shopping ","23119","Family"
"1059","Expense","2025-08-24","Mobile Recharge","7894","Wife"
"1060","Expense","2025-08-26","For motorcycle","22550","Shopping"
"1061","Expense","2025-08-28","Family expenses","23171","Wife"
"1062","Expense","2025-08-29","Pending","3100","Eating Out"
"1063","Expense","2025-08-30","Pending","14080","Groceries"
"1064","Expense","2025-09-01","Family expenses","115834","Wife"
"1065","Expense","2025-09-01","Family expenses","173751","Mother"
"1066","Expense","2025-09-01","Family expenses","46303","Father"
"1067","Expense","2025-09-01","Pending","227000","Shopping"
"1068","Income","2025-09-10","Lee's Trading co Ltd ","2419103","Salary"
"1069","Expense","2025-09-05","Expenses","222151","Brother"
"1070","Expense","2025-09-08","Family expenses","34632","Wife"
"1071","Expense","2025-09-08","Medical expense","23091","Mother"
"1072","Expense","2025-09-04","Expenses","23208","Sister"
"1073","Expense","2025-09-10","Hair cut","12000","Myself"
"1074","Expense","2025-09-02","Pending","24753","Car Rent"
"1075","Expense","2025-09-03","Pending","17000","Shopping"
"1076","Expense","2025-09-04","Pending","4150","Eating Out"
"1077","Expense","2025-09-05","Pending","3100","Public transportation fare"
"1079","Expense","2025-09-04","Pending","604133","Shopping"
"1080","Expense","2025-09-03","Pending","8000","Shopping"
"1081","Expense","2025-09-06","Pending","15800","Eating Out"
"1082","Expense","2025-09-06","Pending","31240","Groceries"
"1083","Expense","2025-09-07","Pending","26377","Car Rent"
"1084","Expense","2025-09-07","Pending","75000","Shopping"
"1085","Expense","2025-09-09","Pending","16600","Groceries"
"1086","Expense","2025-09-10","Pending","4000","Eating Out"
"1087","Expense","2025-09-10","Samsung Card","587321","Master Card Bill"
"1088","Expense","2025-09-10","Kukmin Card","50568","Master Card Bill"
"1089","Expense","2025-09-11","Pending","52220","Groceries"
"1090","Expense","2025-09-12","Pending","12870","Utility"
"1091","Expense","2025-09-12","Pending","10700","Eating Out"
"1092","Expense","2025-09-13","Pending","13000","Shopping"
"1093","Expense","2025-09-07","Pending","3100","Public transportation fare"
"1094","Expense","2025-09-14","Expenses","11573","Wife"
"1095","Expense","2025-09-15","LGU+","7900","Sim Bill"
"1096","Expense","2025-09-16","Mobile Recharge","5303","Wife"
"1097","Expense","2025-09-14","Pending","41363","ChatGpt Subcription"
"1098","Expense","2025-09-14","Pending","16993","Utility"
"1099","Expense","2025-09-14","Pending","10900","Eating Out"
"1100","Expense","2025-09-16","Pending","85560","Groceries"
"1101","Expense","2025-09-17","Pending","9100","Eating Out"